有豆瓣8.0分以上的新电影,889704
无用但有趣的冷知识,877520
一觉醒来世界发生了什么,869174
知乎今日最热,855817
今天微博都在热议什么,846157
即刻有新主题,828881
今天有什么好笑的,819020
有什么好东西值得买,817351
晚安歌曲,801229
浴室沉思,790793
知乎日报内容精选,786339
一天一个英文俚语,781147
即刻使用小贴士,780768
抽屉新热榜每日最热,771302
折扣优惠精选,768644
BreakingNews,699351
节日送礼提醒,634406
工作日闹钟设置提醒,623238
每日轻松一刻,621513
Instagram美图推荐,612300
最好看的八卦都在这里,532837
每天一张老照片,316239
微博搞笑排行榜每日话题,249315
值得一看的长文章,248785
每日iOS限免App精选,149634
Sickipedia最没品笑话,94743
豆瓣热帖精选,72137
TED最新演讲,71249
YouTube每日最火视频,65128
吃货不孤单,64115
有态度的饮食文字,63366
ONE·一个,61455
有意思的国外网站推荐,59407
《够得到的B格》每周推荐,59010
每日一首提神歌曲,55493
谈谈性说说爱,54852
有豆瓣9.0分以上的新电视剧,54502
苹果发布新产品,50754
B站今日最热,48455
豆瓣最新高口碑非院线电影推荐,48399
生活小姿势,47390
经典短篇阅读推荐,47109
小众软件推荐,46975
大象公会文章精选,46092
锤子科技新动向,43788
值得第一时间去影院看的电影推荐,43703
人间松弛指南,42349
知乎深夜惊奇,41805
时光倒流二十年,41081
听圈内人讲行业内幕,40206
糗事百科每日最热,39719
每天告诉你一个城市的故事,39095
每周欧美歌曲TOP10排名,38952
这些社会新闻都是真的,37967
Techmeme头条科技新闻,37893
自我管理经验分享,37566
知乎日报“瞎扯”推送,37292
马克·扎克伯格读书会推荐了新书,37153
看得懂的心理学每日推荐,37033
厕所读物,35913
热门手游推荐,34905
简书上的好故事,34867
Instagram每日最受欢迎照片,34849
每周AppStore官方推荐精选,34368
一天一句歌词,34106
Uber优惠,34054
XX是怎样一种体验,33647
美妆小课堂,33620
IMDbTop250有新片进榜,33498
历史上的今天,33463
家庭装修经验分享,33113
谣言粉碎机,31767
网易云音乐官方推荐,31681
微博神最右,31627
你们城里人真会玩,31523
果壳精选,31505
Google,30856
唤醒你的衣柜,30821
美剧资讯,30530
豆瓣美妆护肤穿搭帖推荐,30493
这些影评比电影更好看,30365
热门网络新梗第一时间普及,30065
一刻豆瓣每日内容精选,30036
每日一首小语种歌曲,30008
又有大公司的负面信息了,29967
粤语歌曲新单推荐,29845
央行调整利率和准备金率,29633
《南方周末》精选报道,29078
朋友圈点开全文,28645
经济学小教室,28588
《第一财经周刊》每日商业新闻,28493
早餐吃啥哟,28433
「最美应用」每日最美,28406
手工客教你DIY,28361
「简单心理」精选文章,28109
新电影上映提醒,28002
有新的GapYear旅行、打工、志愿者项目,27887
内涵段子,27616
街拍精选,27544
大城小店,27511
热门电影预告片,27376
一天一句爱情台词,27079
自学语言经验分享,27006
网易云音乐新歌榜,26619
豆瓣新书速递榜,26508
36氪NEXT上每日最热门新产品,26387
瞎编名人名言,26267
哔哩哔哩周末放映室,26102
ENJOY限量美食礼券和活动精选,25977
食物营养科普,25873
「下厨房」流行菜谱和新秀菜谱,25817
LinkedIn教你职场秘籍,25750
美国《国家地理》杂志Instagram精选,25734
天涯好帖推荐,25670
papi酱有新的搞笑视频,25427
每日国际视野,25392
堆糖每日精选,25342
一日一句村上春树经典语录,25223
网易公开课精选,25080
MONO日签,24950
Steam游戏每日特惠,24873
有新的GoogleDoodle,24612
每天学一点粤语,24585
跟LeoChristopher学英文情话,24497
WikiArt每日一幅世界名画,24464
每日诗歌,24461
译言每日精选,24386
虹膜影向标电影推荐指数,24292
饭否每日精选,24239
好奇心日报佳文速递,24150
每日壁纸精选,24008
当天转发最多微博,23986
Kindle每日特价书,23777
创意广告分享,23602
英剧资讯,23554
现在twitter上在流行什么,23335
ElonMusk又搞大新闻了,23325
有值得看的新MV,23321
每日新闻联播头条,23217
时尚最前沿,23142
美丽也是技术活小组精选,23141
煎蛋24小时热文,23108
国外大片内地定档提醒,23071
ISIS被灭进展提醒,22448
每日电影海报推荐,22438
Tango一日一画,22430
网易每日最火新闻,22428
香水推荐与文化,22413
开眼每日视频推荐,22383
iTunes冠军单曲,22356
Quora每日精选问答,22253
打击假新闻和不靠谱新闻,22033
Abduzeedo每日设计灵感,21994
每日一虐单身狗,21977
近期AppStore上升最快应用,21962
电影公映版有删减部分,21822
haruruの清新小课堂,21793
肥肥猫有新的文章,21764
安卓App精品推荐,21531
日式冷吐槽,21407
每日一首OST,21191
旧物改造创意分享,21034
《读书》杂志新文章精选,20968
睡前一张美女图,20955
LizClimo汤不热漫画更新,20879
星座运势,20835
IDEAT的设计生活灵感,20717
春雨医生又有新的辟谣,20710
雪球今日话题精选,20709
小道消息有更新,20474
即刻有新招聘,20446
有Metascore90分以上新电影,20384
值得关注的微博帐号,20307
MONO内容精选,20141
新iPhone最新情报,20085
英国那些事儿,20062
NASA的每日天文学照片,19824
少数派一周iOSApp点评,19789
热门影视网站更新资源提醒,19718
《纽约时报》畅销书榜每月新书,19661
Instagram账号不定期推荐,19634
图书网购折扣优惠,19515
丁香医生又有新的辟谣,19511
穷游有新旅行锦囊,19310
日本插画家Keigo的Instagram更新,19192
网易云音乐奇葩歌单一览,19153
国家统计局发布新的经济数据,19051
壹读每日推荐,19008
图解电影推荐,18982
知乎「职人介绍所」节目更新,18957
有新的App进入AppStore中国区前500名,18842
译林夜话,18820
豌豆荚设计奖,18811
大公司头条,18764
编发教程,18696
onlyanose小短漫有更新,18686
食品安全重要讯息提醒,18614
BBC有关中国的新纪录片,18505
「特赞」设计论有更新,18489
“正午”每日高逼格故事,18445
好看的婚纱在这里,18389
Lens杂志每日精选,18349
Google热搜条目,18319
陈奕迅最新消息,18209
酒鬼研究所,18130
印象笔记教你提高工作效率,17918
英国人的尴尬日常,17775
今天是什么有趣的节日,17712
潮男发型指南,17592
眼前一亮的新颖建筑推荐,17572
淘宝热门同款,17562
澎湃新闻思想市场精选,17505
呵呵新闻,17492
植物小课堂,17456
亚马逊中文图书编辑推荐月榜,17387
知乎数据帝chenqin有新的回答,17106
豆瓣5.0以下的新片避雷指南,17066
利器有新的工具分享,17029
蝉游记每日精选,17026
橘子娱乐热门头条,16970
IGN有9分以上新游戏,16964
Shameless有新的恶搞文章,16837
“美食台”每日视频,16703
维基百科每日特色内容,16596
一入“鞋”教深似海,16579
Google重返中国进展,16579
不自然博物馆,16555
《人性实验》漫画有更新,16532
精品网文推荐,16501
每日喷嚏图卦,16473
韩国女团热舞视频,16466
来碗进口鸡汤,16453
人工智能有重大新闻,16406
一周新闻图片精选,16341
今天不开心,16331
王思聪又和人掐架了,16284
Facebook入华提醒,16235
中国好声音第四季,16221
蔡康永给残酷社会的善意短信,16167
《自然》杂志每期研究亮点速递,16142
NASA又搞大新闻了,16125
二十四节气提醒,16101
最近不适合去哪里旅行,16041
腾讯《今日话题》热点新闻解读,16039
忽悠的原理与技巧,16014
“人人都是产品经理”精华文章,16010
KUMAMON熊本熊萌图推荐,16009
美国那些事儿,15980
MUJI最新优惠与新品推荐,15965
新出了估值10亿的国内创业公司提醒,15866
每日帅哥图,15761
《界面》每日精选科技新闻,15674
十五言社区好文推荐,15604
宜家有新品和优惠提醒,15599
“日食记”新视频,15582
微博上大家在安利什么化妆品,15570
9GAG每日最佳,15490
英语学习平台扇贝网精选新文章,15454
航空优惠,15421
海淘小贴士,15348
李叫兽营销方法论,15231
谷歌/苹果/Facebook/微软有新收购,15209
欧美音乐及娱乐新闻,15209
AB站热门鬼畜视频,15193
全民星探有新的八卦爆料,15094
古诗词每日一赏,15052
NHK有新的纪录片,15041
《福布斯》有新的榜单,14932
热门彩妆试色功课推荐,14828
谷大白话今日答疑,14800
YangFanJame有新的毒舌吐槽,14749
物种日历,14706
谷阿莫说故事有新作品,14648
豆瓣热门豆列推荐,14553
买家秀的那些事,14462
Medium好文章推荐,14429
设计创意社区Behance每日特别推荐,14328
票房10亿电影提醒,14307
古风歌曲欣赏,14303
《经济学人》有新的中国报道,14298
礼物说有新的攻略精选,14157
博物杂志新解答,14105
情迷咖啡因,14100
土产研究所,14039
十万个为什么,14024
「不可能de世界」书评与作品推荐,14009
每天一首古典乐,13970
Shanghaiist每日一则英文新闻,13897
杜绍斐又来吹牛逼了,13803
咪蒙有新的长文章,13777
《人物》杂志长报道精选,13680
美剧每日导视,13620
全球重大病毒疫情追踪,13610
读写人文章精选,13518
国内又有综艺可以撸起来了,13501
每日一张专辑封面,13422
破土网佳文推荐,13412
腾讯大家文章精选,13333
“包”治百病,13332
上帝之推,13307
值得一看的短视频推荐,13300
每日推理谜题,13274
cnBeta热议精选,13226
本故事纯属非虚构,13215
“比自己玩更带感”游戏视频系列,13198
从历史角度思考世界,13184
dribbble每日最佳设计推送,13149
网易新闻有态度原创精选,13117
观影前必须知道的N件事,13048
拿到烂番茄90%新鲜度的新电影,13043
知乎「一小时」系列图书有更新,13014
时光网电影头条资讯,12996
有新的化妆品上市了,12966
RomainLaurent的动图摄影作品有更新,12936
《OV海外文摘》精选文章,12931
火车票预售及相关政策提醒,12895
中东问题研究,12891
奴隶社会有新的职场攻略,12877
KnewOne产品体验评测精选,12865
星巴克优惠活动与新品推荐,12865
“职场Up”爬企业阶梯要知道的事,12830
Billboard和UKCharts单曲周榜,12673
原始生存技术「PrimitiveTechnology」有更新,12669
良仓杂志内容精选,12642
反腐重要新闻,12617
InsightfulQuestions智性问题精选,12600
微信新动向,12580
天才小熊猫又有奇怪经历,12533
《新财富》杂志有新的深度报道,12473
春晚吐槽直播推送,12394
每月韩剧首播提醒,12392
丁香医生头条科普文章精选,12391
极客之选有新的奇酷产品,12384
醉创业有新的文章,12377
奇葩说最新资讯,12319
给产品经理讲技术,12319
蔡澜有新的美食随笔,12248
说好普通话,12223
青年志有新的青年洞察,12217
机器之心精选报道,12199
脑洞故事板,12194
每天一首指弹吉他曲,12186
每天一张萌宠动物图,12175
日食月食流星雨提醒,12174
韩妆女神Pony视频更新,12107
开放数字资源推荐,12086
菠菜有新的情感问答,12055
精品钢琴谱推荐,12036
关于「在一起」的故事,12023
奇客（solidot）每日资讯精选,12007
《罗辑思维》新节目更新提醒,12003
费玉清有新段子,12002
格知GUECHI时尚内容精选,11989
TypeisBeautiful有新文章,11981
又有一张男人的脸需要你记住了,11956
reddit热门帖子传送,11929
韩剧推介及娱乐消息,11927
马云最新演讲和言论,11915
《神探夏洛克》第四季消息,11874
小米发布新产品,11872
国内又有小说漫画改编成电影电视剧了,11801
苹果特惠日提醒,11784
新浪剧力榜,11779
又有爆红网剧可以刷了,11777
原画人每日插画推荐,11760
世界末日提醒,11758
来自VICE中国的酷报道,11747
今天有值得看的足球比赛,11726
有新的独角兽公司出现提醒,11708
过年回家应对亲友指南,11670
现在娱乐圈谁比较火,11667
张小龙谈产品,11667
娱乐圈又有渣男啦,11664
国务院法定节假日安排,11649
BetterRead有新的英文读物推介,11635
张全蛋有新的搞笑视频,11574
Dick_Ng漫画有更新,11561
护肤功课分享,11531
黄青蕉影评,11450
《纽约客》封面传送门,11426
谷大白话又黑JustinBieber了,11360
志怪录,11349
吉卜力工作室有新作品,11249
公众号「世相」恢复更新,11223
斯坦福创业课有新一季课程安排,11201
支付宝,11174
英语学习文章分享,11156
最污段子手RussellPeters有新视频,11139
一席有新的访谈视频,11131
有新的热门iOS应用冰点促销,11087
MOOC有新开课的好课程,11082
林夕最新词作提醒,11055
索尼有新产品,11021
月光美少女的救赎,11013
二次元大事件,11012
每日故宫图,11010
《新知》杂志有新刊提醒,10991
北美吐槽君粉丝投稿精选,10910
热门影视剧片花,10876
HBO有新的剧集,10868
今日投资要知道的股市消息,10766
槽边往事有更新,10762
TanakaTatsuya有新的微缩摄影作品,10746
蒋方舟分享好书与好电影,10727
COSME大赏综合周榜TOP3更新,10711
夏日轻松歌单推荐,10665
每日电影票房报告,10638
孤独之心俱乐部有更新,10600
《OMG！美语》有更新,10577
美甲教程每日精选,10564
MarcelloBarenghi的彩铅手绘,10486
WhoWearsWhat时装点评推送,10484
阑夕又有新的女演员点评,10479
《晓松奇谈》新节目更新提醒,10460
交通安全小课堂,10459
泛科学文章精选,10447
36氪NEXT总结了新的同类产品集,10435
“落网”有新的独立音乐推荐,10422
AmazingMaps趣味地图,10392
华语歌坛黄金时代老歌欣赏,10334
酷炫科普小短片,10315
中国电影资料馆放映排片,10300
又有新的热门CP发糖了,10275
奥斯卡提名电影前哨奖项跟踪,10259
趣味吉尼斯世界纪录,10235
维多利亚秘密的模特Instagram照片推送,10228
TheVerge最新深度报道和评测,10212
A股交易日领涨板块,10208
卫报栏目《目击者》每日一图,10195
世界上有国家破产了,10192
GoPro精彩视频有更新,10176
李志新歌和演出提醒,10146
「看见音乐」又有新推荐,10093
二次元新番播出提醒,10081
AppSo有新的应用推荐和手机技巧分享,10079
突破天际的绘画演示推荐,10065
Tiny4Voice有新的鸡汤,10029
JoanCornella重口味漫画更新,10003
洋葱日报社的假新闻有更新,9997
网易新闻又出年终策划了,9992
新出了优秀的独立游戏,9991
知乎热门钓鱼帖,9935
烘焙名人有新配方分享,9925
小顾聊绘画,9924
日系推理小说新出版推荐,9921
最新国内融资事件,9865
AirJordan新鞋发售提醒,9856
腾讯图片策划精选,9793
“汉译世界学术名著丛书”有新书出版,9772
大玩家张磊分享了新的信用卡技巧,9768
《罗辑思维》每日音频及荐文,9742
「挖App」有新App推荐,9670
同道大叔有新的吐槽星座漫画,9623
真朋克大张伟又搞笑了,9607
同性题材电影推荐,9591
台湾闻氢哥漫画更新,9584
《时尚先生》特稿实验室有更新,9581
霍炬的“歪理邪说”有更新,9527
魔都有趣的休闲活动看这里,9494
暴走漫画最新视频作品,9471
「可能吧」有新文章,9463
《看理想》系列视频更新提醒,9444
国内时尚摄影师大片精选,9433
麦肯锡、波士顿和贝恩有新洞察和报告,9384
中信出版社有值得读的新书,9338
微在不懂爱,9321
Longform推荐了新的长文章,9277
TVB新剧预告,9245
水星逆行提醒,9187
欧洲三大影展资讯,9185
新闻媒体招聘信息,9171
MacApp限免及优惠精选,9170
财说每日解盘,9037
异常漫画研究中心,9035
SNL热门恶搞视频,9029
奢侈品涨价降价提醒,9018
精彩设计集推荐,8994
星空天文网有新文章,8982
诺兰导演有新电影,8946
MacTalk有更新,8915
《罗辑思维》最新独家推荐书籍,8894
李笑来谈学习,8870
使徒子漫画更新,8868
人民币汇率重要消息,8861
优衣库有新主题的UT上市,8851
好莱坞有新的动画电影,8846
《我是歌手》第五季最新资讯,8820
B站up主accelostorder推荐了新的歌单,8817
大咕咕咕鸡有新的严肃文学作品,8802
无水之池介绍了新的亚洲妹子,8766
每日涨姿势足球好文,8751
企鹅吃喝指南精选,8747
《界面》每日精选全球汽车资讯,8744
陈丹青有新文章或视频,8740
麦当劳有新品,8739
Cosplay美图每日推荐,8673
睡前恐怖故事,8670
音乐车祸现场,8665
有新的女性应用,8661
Lookfantastic有新的美妆产品优惠,8621
黄集伟有新的一周语文,8616
长草颜文字有更新,8597
明星朗读恶毒推文,8574
《给我来个小和尚》漫画更新,8548
名人出柜提醒,8548
任天堂平台出新游戏,8531
caoz的技术与创业杂谈,8519
《看脸时代》更新提醒,8513
《客从何处来》最新节目内容和嘉宾,8502
影视工业网电影专访,8497
又有明星变脸了,8480
NBA季后赛战报,8439
BrunchWith访谈更新,8422
杂志上瘾俱乐部,8398
育儿小知识,8391
这个男人的（裸）照你可能想看看,8330
多看今日特价书,8293
SimoneGiertz有新的小发明,8273
美妆大师MichellePhan视频更新,8262
雪球投资达人访谈精选,8220
《开讲啦》新嘉宾提醒,8191
哔哩哔哩舞蹈排行榜周刊,8185
水木社区今日最热话题,8174
《电影公嗨课》最新视频更新,8168
有新的中国公司在美上市,8167
奥斯卡颁奖礼直播推送,8162
地球人殖民火星进展提醒,8160
FML今日最衰经历分享,8159
艾玛沃特森动态,8100
好好住APP家居精选,8090
张碧池小姐分享了新表情,8072
每日雪球组合大数据,8038
黄渤最新作品及访谈,8037
草莓音乐节,8016
今天是周五么,8002
热门日剧同款穿搭,8000
ProductHunt有新的优秀产品,7979
奇文共赏析,7953
没品图更新精选,7934
孕期保养和注意事项,7911
Airbnb新活动,7879
欧美重大颁奖典礼新闻和资源,7867
胡歌最新资讯,7863
BigBang出新单和舞台,7833
有些梗只有足球狗懂,7806
湾区日报IT文摘,7764
三大工业设计奖颁奖资讯,7747
HackingUI杂志最新文章推荐,7741
酒店优惠,7704
敖厂长有新视频,7690
科学脱口秀,7682
讲座速记分享,7680
岳云鹏有新相声,7680
Voicer报道精选,7673
昆汀出新片提醒,7661
王思聪又投资什么公司了,7626
每天足坛的热点解读和神评论,7615
香奈儿CHANEL新品发布,7614
阿狸有新萌图,7596
黑白漫文化有更新,7594
北京最近一周有受关注的讲座,7592
英国乐队热门单曲,7586
日剧收视成绩和娱乐新闻,7570
保罗·克鲁格曼专栏文章推荐,7568
艺术家KristinaWebb的Instagram有更新,7560
1UP有新的数字生活原创视频,7559
每天一个Mac快捷键介绍,7534
《糗百大调查》有更新,7533
喜剧中心吐槽大会有新节目,7526
科幻世界译文版新一期简介,7520
《疯狂动物城》各路科普安利及周边,7510
信用卡开卡优惠和信用卡商家优惠,7507
Chrome浏览器扩展程序推荐,7503
故宫博物院推出新的App,7500
“有戏”人物专访,7495
散落在上海滩的市民记忆,7489
腾讯ISUX团队博客有新文章,7480
诚实预告片HonestTrailer,7475
格莱美颁奖快讯推送,7434
经典影片导演评论版推荐,7432
TaylorSwift新资讯,7432
米其林在内地进行星级评鉴提醒,7421
BoF时装商业评论精选,7417
川濑敏郎的“一日一花”,7414
Vista看天下有新的高能配图,7398
优秀音乐现场欣赏,7369
开心麻花有新演出与新电影提醒,7360
法医秦明的刑侦学科普,7352
花总丢了金箍棒文章更新,7326
江宁婆婆又有搞笑的辟谣了,7325
明星街拍同款精选,7318
日本人又出了新的猎奇手办系列,7316
TheGoodLife的商业风尚灵感,7311
PingWest报道精选,7309
名侦探柯南TV版有主线剧情进展,7299
逝者,7278
东东枪有新文章,7275
上海国际电影节,7189
TED-Ed科普动画,7187
「GQ50问」明星乱访视频更新,7146
李宗盛新歌提醒,7138
特效化妆视频推荐,7127
2ch中文网好帖推荐,7125
新海诚有新作品,7092
李天飞讲西游有更新,7081
《冰与火之歌》各路花边与深度解析,7071
猫途鹰有新的专题推荐,7043
保罗·格雷厄姆写了新的创业随笔,7042
连岳有新的长文章,7027
No!PingWest,7007
《自然-通讯》研究亮点速递,6982
欧美大牌艺人中国演唱会提醒,6973
村上春树拿诺贝尔文学奖提醒,6968
任志强写了新的长文章,6960
BeForWeb设计博客有译文更新,6952
GQ中国有新的长报道,6939
RachelRyle的Instagram有更新,6903
沪深股市收盘指数,6900
乌云安全平台有新的漏洞预警,6898
拂菻坊有新的视频,6896
许知远「单读」电台更新提醒,6872
动漫绘制技巧,6863
李安最新消息,6858
英剧《黑镜》新资讯,6857
公路商店更新提醒,6848
上海最近一周有受关注的讲座,6843
百鬼夜行誌漫画更新,6839
《靠谱》古典乐资讯,6756
纯银有新的产品随笔,6738
Uber等专车在华运营情况,6730
《琅琊榜》第二部播出提醒,6722
广西师大理想国新书推荐,6718
猴年马月提醒,6703
企鹅联萌小短漫,6693
不加V有新的情感问答,6676
明星拼车K歌秀,6672
老金扯谈有更新,6659
知乎圆桌精选,6655
《最强大脑》挑战主题一览,6651
川普今日最劲爆语录,6636
极客漫画XKCD有更新,6633
腾讯《棱镜》深度财经报道精选,6621
李易峰最新资讯,6567
《越狱》续集最新资讯,6559
AppStore审核平均时长变化,6557
纽约文化沙龙有新活动,6552
KFC菜单更新,6551
许巍有新的音乐作品,6536
山影有新的影视作品,6530
幕星社漫画更新,6528
美联储加息提醒,6514
Kindle降价提醒,6501
杨洋最新资讯,6496
城市数据团新出了有趣的报告,6460
匪我思存作品最新消息,6430
王玎玲有新的食物诗,6413
朝阳群众又立功了,6413
A股大盘熔断休市提醒,6392
小李拿奥斯卡奖提醒,6377
韩寒有新文章提醒,6374
吴亦凡有新资讯,6359
王家卫有新电影,6292
香港电影金像奖资讯,6285
每日书法作品欣赏,6285
Netflix进入中国进展,6284
上海大学生实习资讯,6275
Moleskine出新的合作限量款,6262
香港老牌男神资讯,6229
马伯庸有新的长文章,6226
张佳玮有新的文章,6219
中国大妈在炒什么,6190
《极限挑战》资讯花絮速递,6184
中国人获得诺贝尔奖提醒,6125
故宫博物院有新的萌周边了,6085
《舌尖上的中国》第三季资讯,6083
超廉价Cosplay赏,6071
弱智吧金句,6060
李淼公众号有更新,6031
“法影斑斓”更新提醒,5995
槽值有新的吐槽文,5975
后浪电影学院有新书,5960
周杰伦最新消息,5953
IPN播客网络有新节目推送,5951
大众点评优惠搜罗丽人,5932
索尼破产提醒,5932
又有议会打群架了,5920
《太子妃升职记》第二部提醒,5919
可持续城市与交通资讯精选,5896
谷歌MaterialDesign有新动向,5885
DC超级英雄影视资讯,5884
公积金相关政策调整,5883
人民币兑美元汇率创年内新低,5876
神经科学网NeuroTimes每期更新,5843
图解《世界奇妙物语》,5823
万能青年旅店乐队有新歌,5816
AppleWatch,5800
LonelyPlanet有新书或优惠活动,5770
硅谷传奇风投马克·安德森原创推文精选,5761
日本漫画改编真人化提醒,5741
“北京发布”重要民生消息提醒,5727
魏武挥的IT评论与媒体观察,5710
青春若有张不老的脸,5695
淮秀帮有新的创意配音,5692
龙斌大话电影更新,5661
“上海发布”重要民生消息提醒,5660
鼠绘汉化更新提醒,5658
《天下足球》精彩内容早知道,5645
《罗小黑战记》更新提醒,5626
香港近期值得一去的文娱活动,5622
耳帝的唱歌选秀直播点评,5610
黄伟文最新词作提醒,5609
TPP谈判新进展,5571
雅众新书推荐,5551
北京周末流行音乐演出,5541
AppAnnie有新的应用研究报告,5539
赵石系列漫画有新作,5538
工信部要求提网速降网费进展,5534
“托式派对”有更新,5524
乐高出新款积木提醒,5499
Coldplay乐队新歌提醒,5497
王菲又有新歌,5488
刘慈欣有新小说,5457
韩剧女主同款穿搭,5440
中老年人网络聊天表情精选,5406
MyLittleAirport有新歌提醒,5404
刘仲敬文章精选,5368
深圳玩乐活动精选,5367
标准收藏CC发行新的电影DVD,5345
Adele阿黛尔新资讯,5340
豆瓣红人少林修女动态追踪,5326
锵锵三人行嘉宾与话题,5313
上海展览信息,5294
汪峰又被抢头条了,5289
LOL解说小智有视频更新,5283
深圳每月房价变动,5273
少女时代新MV和新舞台,5270
《知识分子》精选,5268
三表龙门阵有更新,5259
一夫食堂有新的“装逼菜谱”,5258
阑夕的几点看法,5226
《鬼吹灯》有新的影视改编,5218
NBA模仿帝出新视频了,5210
诚品书店内地开新店,5208
冯唐有新书提醒,5200
北京展览信息,5196
《界面》每日精选地产报道,5186
英国乔治小王子有新的萌图,5180
画师VIKI_LEE中国百鬼图更新,5173
韩寒Instagram照片推送,5163
许嵩出新歌了,5154
OnFire又有篮球强文,5153
王凯最新资讯,5147
人民币兑日元汇率创新高,5091
欧美鲜肉歌手推荐,5039
牵男友环游世界,5025
浣熊无二脑洞图,5022
莱昂纳多·迪卡普里奥最新资讯,5015
金州勇士队新闻,5015
广州民生大件事,4997
游戏葡萄深度报道,4988
《太阳报》有新的爆料,4981
J.K.罗琳出新书,4969
SpaceX有新火箭发射,4968
万合天宜新剧资讯,4966
霍建华最新资讯,4955
岩井俊二有新电影作品,4952
上海周末流行音乐演出,4907
值得一看的钢琴演奏推荐,4904
何伟有新书提醒,4893
王左中右「字新闻」有更新,4881
双色球彩票开奖结果通知,4877
21Cake优惠与新品,4863
大脸师太有新的长文章,4830
北京大学生实习资讯,4820
败家妈咪的母婴用品购物指南,4778
孙燕姿最新消息,4777
DMM月度女优销量排行榜,4777
日本公信榜Oricon单曲周榜,4749
维舟有新的文章,4743
DesignerNews每日热帖,4732
与失独者有关的政策和新闻,4730
美国知名百货商场或者品牌打折,4694
《咱们裸熊WeBareBears》动画更新提醒,4653
LINE在中国有新的周边开发,4648
腾讯贵圈更新提醒,4601
每月漫展信息,4581
B.C.&Lowy字幕组更新精选,4581
人类战胜AlphaGo提醒,4564
YOYO卡箱日报,4559
《芥末堆看教育》精选资讯,4556
成品油价格调整,4539
keso怎么看,4519
海德沙龙文章精选,4517
全面放开二孩最新政策消息,4512
艺恩影视产业热文精选,4502
《三体》电影拍摄最新消息,4495
中概股要闻,4466
LadyGaga新造型,4455
歪果仁唱中文歌推荐,4450
全民故事计划,4431
柯南剧场版第二十弹新资讯,4411
KatyPerry格莱美获奖提醒,4405
侯孝贤有新电影,4390
窦唯有新的音乐作品,4386
TomHiddleston抖森出演了新的电影和话剧,4364
北野武有新电影,4355
无人驾驶汽车动态,4350
宁浩最新消息,4343
这个CP感觉有毒,4342
吴磊最新资讯,4336
陈奕迅演唱会安排,4336
周浩有新的纪录片,4327
造作国际设计上新,4323
马克•扎克伯格晒娃提醒,4298
《一拳超人》动画漫画更新提醒,4282
ApplePay支持银联卡的进展,4280
黎明有新的金句,4251
克韩的早安晚安图,4216
fall_ark有新的搞笑微博,4207
中国妖怪录,4188
第九届茅盾文学奖评奖进展,4145
有值得关注的RedditAMA问答,4129
DeepDarkFears漫画更新,4119
吴彦祖最新资讯,4119
「蝉创意」公众号有更新,4116
北京国际电影节资讯,4110
江南今何在又开撕了,4097
上海彩虹室内合唱团出新作品,4077
江南有新书出版提醒,4064
《中国好歌曲》第四季资讯,4030
《大清要完》桌游上市提醒,4028
《MNF周一夜足球》更新,4019
《西游记之大圣归来》各路科普安利及周边,4017
doyoudo教程视频更新,4016
极客公园有新的深度报道,3990
WritingSessions有新的专家互动,3968
郑渊洁有新长篇小说,3965
GreenDay乐队新歌提醒,3960
苹果与FBI对峙事件追踪,3941
又有经典影视作品被翻拍了,3898
MC拳王有新文章,3889
推理资讯速递,3887
奥巴马每周电视讲话更新提醒,3881
中国科幻银河奖新一年颁奖进展与概况,3878
药品价格改革,3876
《魔兽世界》电影,3864
上海书展活动信息推荐,3855
面包君的民国人物八卦考据,3850
鹰目话道分享了新的海贼王简讯,3836
北京每日空气质量,3835
股社区夜报更新提醒,3793
无脸古装群像,3787
北京戏剧演出消息,3778
插画师ChongFeiGiap新作推荐,3777
新视野号探测器有新进展,3755
V2EX论坛有好的求职者,3753
毕导THU的科学小段子,3730
HISHE视频更新,3720
巴萨新闻,3699
《万万没想到》第三季有播出安排,3696
杨宗纬有新歌和演唱会,3693
足球脱口秀《超级颜论》有更新,3683
是枝裕和有新作品,3678
丝芙兰折扣活动,3668
「人间幺蛾」更新提醒,3650
《星球大战7》国内定档提醒,3636
问题疫苗案跟踪与深度分析聚合,3633
高校食堂黑暗料理赏析,3627
《猜火车2》电影最新资讯,3618
“君达乐的慢先生”有新的长文章,3607
港台老牌女神资讯,3598
JB和SelenaGomez恋情动态,3598
方所有新店提醒,3553
富坚义博《猎人》连载再开提醒,3532
广州大学生实习资讯,3515
游戏解说sin有新作品,3509
鳄鱼日记本有新漫画,3498
酷女生要看的时尚资讯,3468
北京地铁信息,3454
《和女儿的日常》漫画更新提醒,3446
内地有新的AppleStore开业计划,3445
对人贩的法律量刑调整,3441
Radiohead新专辑进展,3426
日本樱花前线预测,3424
张艺谋有新片提醒,3409
平纪工作室有新的沪语配音作品,3404
肖恩宾又领了新的便当,3393
窦靖童演唱会提醒,3383
灵魂歌手安蕾丝有新单曲,3370
成都吃喝指南,3351
皇马新闻,3332
张大春有新书,3312
雷军有新单曲,3311
各国驻华使馆最新文化活动,3306
人在纽约有更新,3296
土家野夫有新书出版,3291
太阳系行星成员变动提醒,3243
SNH48官方资讯,3234
GunsN'Roses枪花乐队2016年巡演提醒,3218
Oasis乐队重组提醒,3207
Surge降价提醒,3196
班夫山地电影节上演资讯,3195
缅甸局势,3182
钟汉良资讯,3174
金秀贤最新资讯,3162
“新知文库”有新书出版,3161
科学家种太阳文章更新提醒,3158
北美票房排行榜更新提醒,3152
李敖有新动态,3139
黄子华有新作品,3133
张诺娅有新的徒步动态,3127
《无心法师》作者尼罗有新书出版,3121
延迟退休相关方案进展,3118
亚洲基础设施投资银行设立进展,3097
插画家HennKim的Instagram更新,3082
儿童应用推荐,3023
《疯狂的麦克斯4:狂暴之路》在内地上映提醒,3022
东北大板有新口味,2965
《知中ZHICHINA》精选,2957
三谷幸喜有新作品,2955
囧司徒公布下一站去向,2951
新浪体育“最王牌”独家专访,2942
LeonardCohen有新的巡演,2932
KajetanObarski有新的名画改动,2877
东野圭吾有新书,2869
影史钩沉,2827
后浪漫有新的漫画书籍出版与介绍,2823
大内密谈播客更新提醒,2813
老湿《电影四库全书》系列有更新,2807
丁磊养猪进展,2696
最高人民法院有新的司法解释,2688
新鲜有趣男生潮流资讯,2687
shidokou有新的木雕作品,2686
「创想计划」报道精选,2671
李敏镐最新消息,2669
胥渡吧有新的创意配音视频,2653
南京文艺活动精选,2647
切尔西新闻,2613
克利夫兰骑士队新闻,2610
广州受欢迎的文艺活动提醒,2600
民营银行筹备建设跟进,2588
《坏未来》导演李阳有新动向,2578
航空燃油费调整,2569
《狐妖小红娘》出最新话提醒,2502
AKB48有成员毕业了,2500
木遥有新文章提醒,2499
土摩托有新文章,2495
鬼脚七有新分享,2480
陈晓演出动态及新戏资讯,2479
上海地区专车奖励变化,2462
商业周刊ETC智趣生活方式,2443
恶毒梁欢秀更新提醒,2430
蔡骏有新书出版,2383
陆琪有新书发布,2369
广州外地号牌限行政策进展,2363
坂本真绫新演唱会提醒,2361
全球免费WiFi工程进展追踪,2320
FoodForFun有新视频,2312
《神街访》有更新,2262
ChristophNiemann有新画作,2250
tailjar插画作品更新提醒,2223
深圳文艺活动精选,2184
秦始皇陵开挖提醒,2172
深圳有新的重要民生消息,2134
陈驰有新花边体育新闻推送,2117
陈升跨年演唱会开票提醒,2108
逆转裁判6最新情报,2096
商业周刊书评精选,1963
王力宏最新消息,1853
德国之翼4U9525航班坠毁跟踪,1848
庞麦郎出新歌,1846
吴澧有新文章,1838
B站UP主老番茄有新视频,1827
有妖气动漫有新视频,1818
美国各大信用卡季度5%cashback激活提醒,1803
褚明宇定义下等人提醒,1770
摇滚协会新动向,1717
古谷振一的女明星铅笔画有更新,1656
"""奶茶妹""章泽天动态",1645
老狼有新歌提醒,1600
「老树画画」更新提醒,1534
俄克拉何马城雷霆队新闻,1490
「一条」有新视频,1417
“北碱”公众号更新提醒,1254
MONOCLE报道精选,1202
JamieBeck有新的动静结合GIF,1112
《石榴熟了》更新提醒,1095
余秀华有新作品,1038
明星团体重组复出提醒,995
兔主席有新的时事看法,947
苏杰谈产品有更新,899
彭浩翔最新消息,839
上海艺术电影联盟有新影展,760
美国TaxDay纳税提醒,571
北京餐馆与美食推荐,121
玲珑沙龙精选,102
深圳大学生实习资讯,41
方文山最新词作提醒,5
